CREATE DATABASE  IF NOT EXISTS `taller_servicios` /*!40100 DEFAULT CHARACTER SET utf8mb4 COLLATE utf8mb4_0900_ai_ci */ /*!80016 DEFAULT ENCRYPTION='N' */;
USE `taller_servicios`;
-- MySQL dump 10.13  Distrib 8.0.36, for Win64 (x86_64)
--
-- Host: localhost    Database: taller_servicios
-- ------------------------------------------------------
-- Server version	8.3.0

/*!40101 SET @OLD_CHARACTER_SET_CLIENT=@@CHARACTER_SET_CLIENT */;
/*!40101 SET @OLD_CHARACTER_SET_RESULTS=@@CHARACTER_SET_RESULTS */;
/*!40101 SET @OLD_COLLATION_CONNECTION=@@COLLATION_CONNECTION */;
/*!50503 SET NAMES utf8 */;
/*!40103 SET @OLD_TIME_ZONE=@@TIME_ZONE */;
/*!40103 SET TIME_ZONE='+00:00' */;
/*!40014 SET @OLD_UNIQUE_CHECKS=@@UNIQUE_CHECKS, UNIQUE_CHECKS=0 */;
/*!40014 SET @OLD_FOREIGN_KEY_CHECKS=@@FOREIGN_KEY_CHECKS, FOREIGN_KEY_CHECKS=0 */;
/*!40101 SET @OLD_SQL_MODE=@@SQL_MODE, SQL_MODE='NO_AUTO_VALUE_ON_ZERO' */;
/*!40111 SET @OLD_SQL_NOTES=@@SQL_NOTES, SQL_NOTES=0 */;

--
-- Table structure for table `cliente`
--

DROP TABLE IF EXISTS `cliente`;
/*!40101 SET @saved_cs_client     = @@character_set_client */;
/*!50503 SET character_set_client = utf8mb4 */;
CREATE TABLE `cliente` (
  `id_cliente` int NOT NULL AUTO_INCREMENT,
  `nombre` varchar(100) NOT NULL,
  `apellido` varchar(100) NOT NULL,
  `telefono` varchar(20) DEFAULT NULL,
  `email` varchar(150) DEFAULT NULL,
  `direccion` varchar(200) DEFAULT NULL,
  PRIMARY KEY (`id_cliente`)
) ENGINE=InnoDB AUTO_INCREMENT=5 DEFAULT CHARSET=utf8mb4 COLLATE=utf8mb4_0900_ai_ci;
/*!40101 SET character_set_client = @saved_cs_client */;

--
-- Dumping data for table `cliente`
--

LOCK TABLES `cliente` WRITE;
/*!40000 ALTER TABLE `cliente` DISABLE KEYS */;
INSERT INTO `cliente` VALUES (1,'Luis','Alegría','555-1234','luis@mail.com','Zona 4'),(2,'Emilio','Cirilo','37421741','luise.cirilo19@gmail.com','Sanarate'),(3,'Joshua','Morales','55232805','joshua@gmail.com','Ciudad Capital'),(4,'Rebeca','Alegría','37421741','rebe@gmail.com','Jutiapa');
/*!40000 ALTER TABLE `cliente` ENABLE KEYS */;
UNLOCK TABLES;

--
-- Table structure for table `equipo`
--

DROP TABLE IF EXISTS `equipo`;
/*!40101 SET @saved_cs_client     = @@character_set_client */;
/*!50503 SET character_set_client = utf8mb4 */;
CREATE TABLE `equipo` (
  `id_equipo` int NOT NULL AUTO_INCREMENT,
  `id_marca` int NOT NULL,
  `tipo_equipo` varchar(50) NOT NULL,
  `modelo` varchar(100) DEFAULT NULL,
  `serie` varchar(100) DEFAULT NULL,
  `descripcion` text,
  PRIMARY KEY (`id_equipo`),
  KEY `id_marca` (`id_marca`),
  CONSTRAINT `equipo_ibfk_1` FOREIGN KEY (`id_marca`) REFERENCES `marca` (`id_marca`)
) ENGINE=InnoDB AUTO_INCREMENT=5 DEFAULT CHARSET=utf8mb4 COLLATE=utf8mb4_0900_ai_ci;
/*!40101 SET character_set_client = @saved_cs_client */;

--
-- Dumping data for table `equipo`
--

LOCK TABLES `equipo` WRITE;
/*!40000 ALTER TABLE `equipo` DISABLE KEYS */;
INSERT INTO `equipo` VALUES (1,1,'Laptop','ProBook','SN12345','Equipo de oficina'),(2,2,'Laptop','Precision','555','Color gris'),(3,3,'Celular','17 pro Max','234rfghr44','Celular dorado'),(4,4,'Celular','Galaxi','1223eer3','Celular');
/*!40000 ALTER TABLE `equipo` ENABLE KEYS */;
UNLOCK TABLES;

--
-- Table structure for table `marca`
--

DROP TABLE IF EXISTS `marca`;
/*!40101 SET @saved_cs_client     = @@character_set_client */;
/*!50503 SET character_set_client = utf8mb4 */;
CREATE TABLE `marca` (
  `id_marca` int NOT NULL AUTO_INCREMENT,
  `nombre_marca` varchar(100) NOT NULL,
  PRIMARY KEY (`id_marca`)
) ENGINE=InnoDB AUTO_INCREMENT=5 DEFAULT CHARSET=utf8mb4 COLLATE=utf8mb4_0900_ai_ci;
/*!40101 SET character_set_client = @saved_cs_client */;

--
-- Dumping data for table `marca`
--

LOCK TABLES `marca` WRITE;
/*!40000 ALTER TABLE `marca` DISABLE KEYS */;
INSERT INTO `marca` VALUES (1,'HP'),(2,'Dell'),(3,'Apple'),(4,'Samsung');
/*!40000 ALTER TABLE `marca` ENABLE KEYS */;
UNLOCK TABLES;

--
-- Table structure for table `servicio`
--

DROP TABLE IF EXISTS `servicio`;
/*!40101 SET @saved_cs_client     = @@character_set_client */;
/*!50503 SET character_set_client = utf8mb4 */;
CREATE TABLE `servicio` (
  `id_servicio` int NOT NULL AUTO_INCREMENT,
  `id_cliente` int NOT NULL,
  `id_equipo` int NOT NULL,
  `id_tecnico` int NOT NULL,
  `fecha_recepcion` date NOT NULL,
  `problema_reportado` text,
  `estado` enum('recibido','reparando','finalizado','entregado') DEFAULT 'recibido',
  `diagnostico` text,
  `solucion` text,
  `fecha_entrega` date DEFAULT NULL,
  PRIMARY KEY (`id_servicio`),
  KEY `id_cliente` (`id_cliente`),
  KEY `id_equipo` (`id_equipo`),
  KEY `id_tecnico` (`id_tecnico`),
  CONSTRAINT `servicio_ibfk_1` FOREIGN KEY (`id_cliente`) REFERENCES `cliente` (`id_cliente`),
  CONSTRAINT `servicio_ibfk_2` FOREIGN KEY (`id_equipo`) REFERENCES `equipo` (`id_equipo`),
  CONSTRAINT `servicio_ibfk_3` FOREIGN KEY (`id_tecnico`) REFERENCES `tecnico` (`id_tecnico`)
) ENGINE=InnoDB AUTO_INCREMENT=5 DEFAULT CHARSET=utf8mb4 COLLATE=utf8mb4_0900_ai_ci;
/*!40101 SET character_set_client = @saved_cs_client */;

--
-- Dumping data for table `servicio`
--

LOCK TABLES `servicio` WRITE;
/*!40000 ALTER TABLE `servicio` DISABLE KEYS */;
INSERT INTO `servicio` VALUES (1,1,1,1,'2025-09-29','No enciende','reparando','Fuente dañada','Se reemplazó fuente de poder',NULL),(2,2,1,2,'2025-09-29','Tira pantalla azul','entregado','Ram No funciona','Cambio','2025-09-30'),(4,4,4,3,'2025-09-30','No funciona el microfono','reparando','Bocina sucia','Limpieza de bocina',NULL);
/*!40000 ALTER TABLE `servicio` ENABLE KEYS */;
UNLOCK TABLES;

--
-- Table structure for table `tecnico`
--

DROP TABLE IF EXISTS `tecnico`;
/*!40101 SET @saved_cs_client     = @@character_set_client */;
/*!50503 SET character_set_client = utf8mb4 */;
CREATE TABLE `tecnico` (
  `id_tecnico` int NOT NULL AUTO_INCREMENT,
  `nombre` varchar(100) NOT NULL,
  `apellido` varchar(100) NOT NULL,
  `especialidad` varchar(100) DEFAULT NULL,
  `telefono` varchar(20) DEFAULT NULL,
  `email` varchar(150) DEFAULT NULL,
  PRIMARY KEY (`id_tecnico`)
) ENGINE=InnoDB AUTO_INCREMENT=4 DEFAULT CHARSET=utf8mb4 COLLATE=utf8mb4_0900_ai_ci;
/*!40101 SET character_set_client = @saved_cs_client */;

--
-- Dumping data for table `tecnico`
--

LOCK TABLES `tecnico` WRITE;
/*!40000 ALTER TABLE `tecnico` DISABLE KEYS */;
INSERT INTO `tecnico` VALUES (1,'Carlos','Gomez','Laptops','555-2223','carlos@mail.com'),(2,'Luis','Cirilo','Computadoras','55232805','digiflix02@yahoo.com'),(3,'Juana','Gomez','Impresoras','55232805','digiflix02@yahoo.com');
/*!40000 ALTER TABLE `tecnico` ENABLE KEYS */;
UNLOCK TABLES;

--
-- Dumping events for database 'taller_servicios'
--

--
-- Dumping routines for database 'taller_servicios'
--
/*!50003 DROP PROCEDURE IF EXISTS `sp_actualizar_diagnostico_solucion` */;
/*!50003 SET @saved_cs_client      = @@character_set_client */ ;
/*!50003 SET @saved_cs_results     = @@character_set_results */ ;
/*!50003 SET @saved_col_connection = @@collation_connection */ ;
/*!50003 SET character_set_client  = utf8mb4 */ ;
/*!50003 SET character_set_results = utf8mb4 */ ;
/*!50003 SET collation_connection  = utf8mb4_0900_ai_ci */ ;
/*!50003 SET @saved_sql_mode       = @@sql_mode */ ;
/*!50003 SET sql_mode              = 'ONLY_FULL_GROUP_BY,STRICT_TRANS_TABLES,NO_ZERO_IN_DATE,NO_ZERO_DATE,ERROR_FOR_DIVISION_BY_ZERO,NO_ENGINE_SUBSTITUTION' */ ;
DELIMITER ;;
CREATE DEFINER=`root`@`localhost` PROCEDURE `sp_actualizar_diagnostico_solucion`(
    IN p_id_servicio INT,
    IN p_diagnostico TEXT,
    IN p_solucion TEXT
)
BEGIN
    UPDATE servicio
    SET diagnostico = p_diagnostico,
        solucion = p_solucion
    WHERE id_servicio = p_id_servicio;
END ;;
DELIMITER ;
/*!50003 SET sql_mode              = @saved_sql_mode */ ;
/*!50003 SET character_set_client  = @saved_cs_client */ ;
/*!50003 SET character_set_results = @saved_cs_results */ ;
/*!50003 SET collation_connection  = @saved_col_connection */ ;
/*!50003 DROP PROCEDURE IF EXISTS `sp_actualizar_estado_servicio` */;
/*!50003 SET @saved_cs_client      = @@character_set_client */ ;
/*!50003 SET @saved_cs_results     = @@character_set_results */ ;
/*!50003 SET @saved_col_connection = @@collation_connection */ ;
/*!50003 SET character_set_client  = utf8mb4 */ ;
/*!50003 SET character_set_results = utf8mb4 */ ;
/*!50003 SET collation_connection  = utf8mb4_0900_ai_ci */ ;
/*!50003 SET @saved_sql_mode       = @@sql_mode */ ;
/*!50003 SET sql_mode              = 'ONLY_FULL_GROUP_BY,STRICT_TRANS_TABLES,NO_ZERO_IN_DATE,NO_ZERO_DATE,ERROR_FOR_DIVISION_BY_ZERO,NO_ENGINE_SUBSTITUTION' */ ;
DELIMITER ;;
CREATE DEFINER=`root`@`localhost` PROCEDURE `sp_actualizar_estado_servicio`(
    IN p_id_servicio INT,
    IN p_estado ENUM('recibido','reparando','finalizado','entregado'),
    IN p_fecha_entrega DATE
)
BEGIN
    UPDATE servicio
    SET estado = p_estado,
        fecha_entrega = IF(p_estado='entregado', p_fecha_entrega, fecha_entrega)
    WHERE id_servicio = p_id_servicio;
END ;;
DELIMITER ;
/*!50003 SET sql_mode              = @saved_sql_mode */ ;
/*!50003 SET character_set_client  = @saved_cs_client */ ;
/*!50003 SET character_set_results = @saved_cs_results */ ;
/*!50003 SET collation_connection  = @saved_col_connection */ ;
/*!50003 DROP PROCEDURE IF EXISTS `sp_detalle_servicio` */;
/*!50003 SET @saved_cs_client      = @@character_set_client */ ;
/*!50003 SET @saved_cs_results     = @@character_set_results */ ;
/*!50003 SET @saved_col_connection = @@collation_connection */ ;
/*!50003 SET character_set_client  = utf8mb4 */ ;
/*!50003 SET character_set_results = utf8mb4 */ ;
/*!50003 SET collation_connection  = utf8mb4_0900_ai_ci */ ;
/*!50003 SET @saved_sql_mode       = @@sql_mode */ ;
/*!50003 SET sql_mode              = 'ONLY_FULL_GROUP_BY,STRICT_TRANS_TABLES,NO_ZERO_IN_DATE,NO_ZERO_DATE,ERROR_FOR_DIVISION_BY_ZERO,NO_ENGINE_SUBSTITUTION' */ ;
DELIMITER ;;
CREATE DEFINER=`root`@`localhost` PROCEDURE `sp_detalle_servicio`(
    IN p_id_servicio INT
)
BEGIN
    SELECT s.id_servicio,
           s.fecha_recepcion,
           s.problema_reportado,
           s.estado,
           s.diagnostico,
           s.solucion,
           s.fecha_entrega,
           c.nombre AS cliente_nombre,
           c.apellido AS cliente_apellido,
           t.nombre AS tecnico_nombre,
           t.apellido AS tecnico_apellido,
           e.tipo_equipo,
           e.modelo,
           m.nombre_marca
    FROM servicio s
    INNER JOIN cliente c ON s.id_cliente = c.id_cliente
    INNER JOIN tecnico t ON s.id_tecnico = t.id_tecnico
    INNER JOIN equipo e ON s.id_equipo = e.id_equipo
    INNER JOIN marca m ON e.id_marca = m.id_marca
    WHERE s.id_servicio = p_id_servicio;
END ;;
DELIMITER ;
/*!50003 SET sql_mode              = @saved_sql_mode */ ;
/*!50003 SET character_set_client  = @saved_cs_client */ ;
/*!50003 SET character_set_results = @saved_cs_results */ ;
/*!50003 SET collation_connection  = @saved_col_connection */ ;
/*!50003 DROP PROCEDURE IF EXISTS `sp_insertar_cliente` */;
/*!50003 SET @saved_cs_client      = @@character_set_client */ ;
/*!50003 SET @saved_cs_results     = @@character_set_results */ ;
/*!50003 SET @saved_col_connection = @@collation_connection */ ;
/*!50003 SET character_set_client  = utf8mb4 */ ;
/*!50003 SET character_set_results = utf8mb4 */ ;
/*!50003 SET collation_connection  = utf8mb4_0900_ai_ci */ ;
/*!50003 SET @saved_sql_mode       = @@sql_mode */ ;
/*!50003 SET sql_mode              = 'ONLY_FULL_GROUP_BY,STRICT_TRANS_TABLES,NO_ZERO_IN_DATE,NO_ZERO_DATE,ERROR_FOR_DIVISION_BY_ZERO,NO_ENGINE_SUBSTITUTION' */ ;
DELIMITER ;;
CREATE DEFINER=`root`@`localhost` PROCEDURE `sp_insertar_cliente`(
    IN p_nombre VARCHAR(100),
    IN p_apellido VARCHAR(100),
    IN p_telefono VARCHAR(20),
    IN p_email VARCHAR(150),
    IN p_direccion VARCHAR(200)
)
BEGIN
    INSERT INTO cliente (nombre, apellido, telefono, email, direccion)
    VALUES (p_nombre, p_apellido, p_telefono, p_email, p_direccion);
END ;;
DELIMITER ;
/*!50003 SET sql_mode              = @saved_sql_mode */ ;
/*!50003 SET character_set_client  = @saved_cs_client */ ;
/*!50003 SET character_set_results = @saved_cs_results */ ;
/*!50003 SET collation_connection  = @saved_col_connection */ ;
/*!50003 DROP PROCEDURE IF EXISTS `sp_insertar_equipo` */;
/*!50003 SET @saved_cs_client      = @@character_set_client */ ;
/*!50003 SET @saved_cs_results     = @@character_set_results */ ;
/*!50003 SET @saved_col_connection = @@collation_connection */ ;
/*!50003 SET character_set_client  = utf8mb4 */ ;
/*!50003 SET character_set_results = utf8mb4 */ ;
/*!50003 SET collation_connection  = utf8mb4_0900_ai_ci */ ;
/*!50003 SET @saved_sql_mode       = @@sql_mode */ ;
/*!50003 SET sql_mode              = 'ONLY_FULL_GROUP_BY,STRICT_TRANS_TABLES,NO_ZERO_IN_DATE,NO_ZERO_DATE,ERROR_FOR_DIVISION_BY_ZERO,NO_ENGINE_SUBSTITUTION' */ ;
DELIMITER ;;
CREATE DEFINER=`root`@`localhost` PROCEDURE `sp_insertar_equipo`(
    IN p_id_marca INT,
    IN p_tipo_equipo VARCHAR(50),
    IN p_modelo VARCHAR(100),
    IN p_serie VARCHAR(100),
    IN p_descripcion TEXT
)
BEGIN
    INSERT INTO equipo (id_marca, tipo_equipo, modelo, serie, descripcion)
    VALUES (p_id_marca, p_tipo_equipo, p_modelo, p_serie, p_descripcion);
END ;;
DELIMITER ;
/*!50003 SET sql_mode              = @saved_sql_mode */ ;
/*!50003 SET character_set_client  = @saved_cs_client */ ;
/*!50003 SET character_set_results = @saved_cs_results */ ;
/*!50003 SET collation_connection  = @saved_col_connection */ ;
/*!50003 DROP PROCEDURE IF EXISTS `sp_insertar_marca` */;
/*!50003 SET @saved_cs_client      = @@character_set_client */ ;
/*!50003 SET @saved_cs_results     = @@character_set_results */ ;
/*!50003 SET @saved_col_connection = @@collation_connection */ ;
/*!50003 SET character_set_client  = utf8mb4 */ ;
/*!50003 SET character_set_results = utf8mb4 */ ;
/*!50003 SET collation_connection  = utf8mb4_0900_ai_ci */ ;
/*!50003 SET @saved_sql_mode       = @@sql_mode */ ;
/*!50003 SET sql_mode              = 'ONLY_FULL_GROUP_BY,STRICT_TRANS_TABLES,NO_ZERO_IN_DATE,NO_ZERO_DATE,ERROR_FOR_DIVISION_BY_ZERO,NO_ENGINE_SUBSTITUTION' */ ;
DELIMITER ;;
CREATE DEFINER=`root`@`localhost` PROCEDURE `sp_insertar_marca`(
    IN p_nombre_marca VARCHAR(100)
)
BEGIN
    INSERT INTO marca (nombre_marca)
    VALUES (p_nombre_marca);
END ;;
DELIMITER ;
/*!50003 SET sql_mode              = @saved_sql_mode */ ;
/*!50003 SET character_set_client  = @saved_cs_client */ ;
/*!50003 SET character_set_results = @saved_cs_results */ ;
/*!50003 SET collation_connection  = @saved_col_connection */ ;
/*!50003 DROP PROCEDURE IF EXISTS `sp_insertar_servicio` */;
/*!50003 SET @saved_cs_client      = @@character_set_client */ ;
/*!50003 SET @saved_cs_results     = @@character_set_results */ ;
/*!50003 SET @saved_col_connection = @@collation_connection */ ;
/*!50003 SET character_set_client  = utf8mb4 */ ;
/*!50003 SET character_set_results = utf8mb4 */ ;
/*!50003 SET collation_connection  = utf8mb4_0900_ai_ci */ ;
/*!50003 SET @saved_sql_mode       = @@sql_mode */ ;
/*!50003 SET sql_mode              = 'ONLY_FULL_GROUP_BY,STRICT_TRANS_TABLES,NO_ZERO_IN_DATE,NO_ZERO_DATE,ERROR_FOR_DIVISION_BY_ZERO,NO_ENGINE_SUBSTITUTION' */ ;
DELIMITER ;;
CREATE DEFINER=`root`@`localhost` PROCEDURE `sp_insertar_servicio`(
    IN p_id_cliente INT,
    IN p_id_equipo INT,
    IN p_id_tecnico INT,
    IN p_fecha_recepcion DATE,
    IN p_problema_reportado TEXT
)
BEGIN
    INSERT INTO servicio (id_cliente, id_equipo, id_tecnico, fecha_recepcion, problema_reportado)
    VALUES (p_id_cliente, p_id_equipo, p_id_tecnico, p_fecha_recepcion, p_problema_reportado);
END ;;
DELIMITER ;
/*!50003 SET sql_mode              = @saved_sql_mode */ ;
/*!50003 SET character_set_client  = @saved_cs_client */ ;
/*!50003 SET character_set_results = @saved_cs_results */ ;
/*!50003 SET collation_connection  = @saved_col_connection */ ;
/*!50003 DROP PROCEDURE IF EXISTS `sp_insertar_tecnico` */;
/*!50003 SET @saved_cs_client      = @@character_set_client */ ;
/*!50003 SET @saved_cs_results     = @@character_set_results */ ;
/*!50003 SET @saved_col_connection = @@collation_connection */ ;
/*!50003 SET character_set_client  = utf8mb4 */ ;
/*!50003 SET character_set_results = utf8mb4 */ ;
/*!50003 SET collation_connection  = utf8mb4_0900_ai_ci */ ;
/*!50003 SET @saved_sql_mode       = @@sql_mode */ ;
/*!50003 SET sql_mode              = 'ONLY_FULL_GROUP_BY,STRICT_TRANS_TABLES,NO_ZERO_IN_DATE,NO_ZERO_DATE,ERROR_FOR_DIVISION_BY_ZERO,NO_ENGINE_SUBSTITUTION' */ ;
DELIMITER ;;
CREATE DEFINER=`root`@`localhost` PROCEDURE `sp_insertar_tecnico`(
    IN p_nombre VARCHAR(100),
    IN p_apellido VARCHAR(100),
    IN p_especialidad VARCHAR(100),
    IN p_telefono VARCHAR(20),
    IN p_email VARCHAR(150)
)
BEGIN
    INSERT INTO tecnico (nombre, apellido, especialidad, telefono, email)
    VALUES (p_nombre, p_apellido, p_especialidad, p_telefono, p_email);
END ;;
DELIMITER ;
/*!50003 SET sql_mode              = @saved_sql_mode */ ;
/*!50003 SET character_set_client  = @saved_cs_client */ ;
/*!50003 SET character_set_results = @saved_cs_results */ ;
/*!50003 SET collation_connection  = @saved_col_connection */ ;
/*!50003 DROP PROCEDURE IF EXISTS `sp_listar_servicios_por_estado` */;
/*!50003 SET @saved_cs_client      = @@character_set_client */ ;
/*!50003 SET @saved_cs_results     = @@character_set_results */ ;
/*!50003 SET @saved_col_connection = @@collation_connection */ ;
/*!50003 SET character_set_client  = utf8mb4 */ ;
/*!50003 SET character_set_results = utf8mb4 */ ;
/*!50003 SET collation_connection  = utf8mb4_0900_ai_ci */ ;
/*!50003 SET @saved_sql_mode       = @@sql_mode */ ;
/*!50003 SET sql_mode              = 'ONLY_FULL_GROUP_BY,STRICT_TRANS_TABLES,NO_ZERO_IN_DATE,NO_ZERO_DATE,ERROR_FOR_DIVISION_BY_ZERO,NO_ENGINE_SUBSTITUTION' */ ;
DELIMITER ;;
CREATE DEFINER=`root`@`localhost` PROCEDURE `sp_listar_servicios_por_estado`(
    IN p_estado VARCHAR(20)
)
BEGIN
    SELECT s.id_servicio,
           c.nombre AS cliente,
           e.tipo_equipo,
           s.estado,
           s.fecha_recepcion
    FROM servicio s
    INNER JOIN cliente c ON s.id_cliente = c.id_cliente
    INNER JOIN equipo e ON s.id_equipo = e.id_equipo
    WHERE s.estado = p_estado;
END ;;
DELIMITER ;
/*!50003 SET sql_mode              = @saved_sql_mode */ ;
/*!50003 SET character_set_client  = @saved_cs_client */ ;
/*!50003 SET character_set_results = @saved_cs_results */ ;
/*!50003 SET collation_connection  = @saved_col_connection */ ;
/*!50003 DROP PROCEDURE IF EXISTS `sp_listar_servicios_por_tecnico` */;
/*!50003 SET @saved_cs_client      = @@character_set_client */ ;
/*!50003 SET @saved_cs_results     = @@character_set_results */ ;
/*!50003 SET @saved_col_connection = @@collation_connection */ ;
/*!50003 SET character_set_client  = utf8mb4 */ ;
/*!50003 SET character_set_results = utf8mb4 */ ;
/*!50003 SET collation_connection  = utf8mb4_0900_ai_ci */ ;
/*!50003 SET @saved_sql_mode       = @@sql_mode */ ;
/*!50003 SET sql_mode              = 'ONLY_FULL_GROUP_BY,STRICT_TRANS_TABLES,NO_ZERO_IN_DATE,NO_ZERO_DATE,ERROR_FOR_DIVISION_BY_ZERO,NO_ENGINE_SUBSTITUTION' */ ;
DELIMITER ;;
CREATE DEFINER=`root`@`localhost` PROCEDURE `sp_listar_servicios_por_tecnico`(
    IN p_id_tecnico INT
)
BEGIN
    SELECT s.id_servicio,
           c.nombre AS cliente,
           e.tipo_equipo,
           s.estado,
           s.fecha_recepcion
    FROM servicio s
    INNER JOIN cliente c ON s.id_cliente = c.id_cliente
    INNER JOIN equipo e ON s.id_equipo = e.id_equipo
    WHERE s.id_tecnico = p_id_tecnico;
END ;;
DELIMITER ;
/*!50003 SET sql_mode              = @saved_sql_mode */ ;
/*!50003 SET character_set_client  = @saved_cs_client */ ;
/*!50003 SET character_set_results = @saved_cs_results */ ;
/*!50003 SET collation_connection  = @saved_col_connection */ ;
/*!40103 SET TIME_ZONE=@OLD_TIME_ZONE */;

/*!40101 SET SQL_MODE=@OLD_SQL_MODE */;
/*!40014 SET FOREIGN_KEY_CHECKS=@OLD_FOREIGN_KEY_CHECKS */;
/*!40014 SET UNIQUE_CHECKS=@OLD_UNIQUE_CHECKS */;
/*!40101 SET CHARACTER_SET_CLIENT=@OLD_CHARACTER_SET_CLIENT */;
/*!40101 SET CHARACTER_SET_RESULTS=@OLD_CHARACTER_SET_RESULTS */;
/*!40101 SET COLLATION_CONNECTION=@OLD_COLLATION_CONNECTION */;
/*!40111 SET SQL_NOTES=@OLD_SQL_NOTES */;

-- Dump completed on 2025-09-30  0:55:11
